"1","mm","id1run11pefc99c22lu5i8v1c0","764.8000000044703","114","0"
"2","mm","id1run11pefc99c22lu5i8v1c0","769.9999999604188","115","3"
"3","mm","id1run11pefc99c22lu5i8v1c0","788.6999999755062","120","17"
"4","mm","id1run11pefc99c22lu5i8v1c0","808.4999999846332","124","29"
"5","mm","id1run11pefc99c22lu5i8v1c0","828.6000000080094","127","42"
"6","mm","id1run11pefc99c22lu5i8v1c0","848.5999999684282","130","52"
"7","mm","id1run11pefc99c22lu5i8v1c0","868.3999999775551","132","64"
"8","mm","id1run11pefc99c22lu5i8v1c0","892.7999999723397","133","76"
"9","mm","id1run11pefc99c22lu5i8v1c0","912.5999999814667","133","84"
"10","mm","id1run11pefc99c22lu5i8v1c0","932.7000000048429","133","92"
"11","mm","id1run11pefc99c22lu5i8v1c0","953.7000000127591","130","96"
"12","mm","id1run11pefc99c22lu5i8v1c0","968.4999999590218","129","100"
"13","mm","id1run11pefc99c22lu5i8v1c0","988.4999999776483","129","101"
"14","ld","id1run11pefc99c22lu5i8v1c0","1068.700000003446","129","101"
"15","mm","id1run11pefc99c22lu5i8v1c0","1079.9999999580905","129","101"
"16","lu","id1run11pefc99c22lu5i8v1c0","1124.3999999715015","129","101"
"17","mm","id1run11pefc99c22lu5i8v1c0","1204.5999999972992","129","102"
"18","mm","id1run11pefc99c22lu5i8v1c0","1224.599999957718","128","110"
"19","mm","id1run11pefc99c22lu5i8v1c0","1244.5999999763444","126","125"
"20","mm","id1run11pefc99c22lu5i8v1c0","1264.3999999854714","126","143"
"21","mm","id1run11pefc99c22lu5i8v1c0","1284.5999999553896","126","164"
"22","mm","id1run11pefc99c22lu5i8v1c0","1308.4999999846332","126","186"
"23","mm","id1run11pefc99c22lu5i8v1c0","1328.6000000080094","128","207"
"24","mm","id1run11pefc99c22lu5i8v1c0","1348.3999999589287","128","226"
"25","mm","id1run11pefc99c22lu5i8v1c0","1368.2999999728054","128","241"
"26","mm","id1run11pefc99c22lu5i8v1c0","1388.3999999961816","128","252"
"27","mm","id1run11pefc99c22lu5i8v1c0","1412.3999999719672","128","261"
"28","mm","id1run11pefc99c22lu5i8v1c0","1432.4999999953434","128","266"
"29","ld","id1run11pefc99c22lu5i8v1c0","1502.8999999631196","128","266"
"30","lu","id1run11pefc99c22lu5i8v1c0","1574.4999999878928","128","266"
"31","mm","id1run11pefc99c22lu5i8v1c0","1614.5999999716878","129","266"
"32","mm","id1run11pefc99c22lu5i8v1c0","1622.6000000024214","130","266"
"33","mm","id1run11pefc99c22lu5i8v1c0","1642.4000000115484","133","266"
"34","mm","id1run11pefc99c22lu5i8v1c0","1662.3999999719672","140","272"
"35","mm","id1run11pefc99c22lu5i8v1c0","1682.4999999953434","148","280"
"36","mm","id1run11pefc99c22lu5i8v1c0","1702.4999999557622","154","290"
"37","mm","id1run11pefc99c22lu5i8v1c0","1722.4999999743886","156","296"
"38","mm","id1run11pefc99c22lu5i8v1c0","1746.500000008382","156","300"
"39","mm","id1run11pefc99c22lu5i8v1c0","1766.399999964051","156","301"
"40","mm","id1run11pefc99c22lu5i8v1c0","1830.4999999818392","155","301"
"41","mm","id1run11pefc99c22lu5i8v1c0","1850.6000000052154","151","302"
"42","mm","id1run11pefc99c22lu5i8v1c0","1870.5999999656342","147","304"
"43","mm","id1run11pefc99c22lu5i8v1c0","1890.499999979511","142","306"
"44","mm","id1run11pefc99c22lu5i8v1c0","1906.4999999827705","136","309"
"45","mm","id1run11pefc99c22lu5i8v1c0","1922.4999999860302","132","311"
"46","mm","id1run11pefc99c22lu5i8v1c0","1942.3999999999069","130","312"
"47","mm","id1run11pefc99c22lu5i8v1c0","1974.599999957718","129","313"
"48","mm","id1run11pefc99c22lu5i8v1c0","1982.4999999837019","129","314"
"49","mm","id1run11pefc99c22lu5i8v1c0","2014.5999999949709","129","315"
"50","mm","id1run11pefc99c22lu5i8v1c0","2022.3999999579974","128","316"
"51","mm","id1run11pefc99c22lu5i8v1c0","2046.6000000014901","128","317"
"52","mm","id1run11pefc99c22lu5i8v1c0","2062.3999999952503","128","318"
"53","mm","id1run11pefc99c22lu5i8v1c0","2094.600000011269","128","320"
"54","mm","id1run11pefc99c22lu5i8v1c0","2118.6999999918044","128","322"
"55","mm","id1run11pefc99c22lu5i8v1c0","2142.4999999580905","127","324"
"56","mm","id1run11pefc99c22lu5i8v1c0","2162.499999976717","126","326"
"57","mm","id1run11pefc99c22lu5i8v1c0","2182.4999999953434","126","332"
"58","mm","id1run11pefc99c22lu5i8v1c0","2202.599999960512","125","339"
"59","mm","id1run11pefc99c22lu5i8v1c0","2222.4999999743886","125","350"
"60","mm","id1run11pefc99c22lu5i8v1c0","2246.400000003632","126","362"
"61","mm","id1run11pefc99c22lu5i8v1c0","2266.5999999735504","128","373"
"62","mm","id1run11pefc99c22lu5i8v1c0","2286.499999987427","130","386"
"63","mm","id1run11pefc99c22lu5i8v1c0","2306.5000000060536","130","398"
"64","mm","id1run11pefc99c22lu5i8v1c0","2326.4999999664724","131","407"
"65","mm","id1run11pefc99c22lu5i8v1c0","2350.5000000004657","131","416"
"66","mm","id1run11pefc99c22lu5i8v1c0","2370.4999999608845","131","421"
"67","mm","id1run11pefc99c22lu5i8v1c0","2386.499999964144","134","424"
"68","mm","id1run11pefc99c22lu5i8v1c0","2406.4999999827705","138","426"
"69","mm","id1run11pefc99c22lu5i8v1c0","2430.499999958556","146","428"
"70","mm","id1run11pefc99c22lu5i8v1c0","2454.29999998305","165","428"
"71","mm","id1run11pefc99c22lu5i8v1c0","2474.599999957718","193","428"
"72","mm","id1run11pefc99c22lu5i8v1c0","2494.5999999763444","235","428"
"73","mm","id1run11pefc99c22lu5i8v1c0","2514.599999994971","285","428"
"74","mm","id1run11pefc99c22lu5i8v1c0","2538.5999999707565","357","428"
"75","mm","id1run11pefc99c22lu5i8v1c0","2558.599999989383","414","430"
"76","mm","id1run11pefc99c22lu5i8v1c0","2578.6000000080094","474","432"
"77","mm","id1run11pefc99c22lu5i8v1c0","2598.599999968428","532","433"
"78","mm","id1run11pefc99c22lu5i8v1c0","2618.5999999870546","588","434"
"79","mm","id1run11pefc99c22lu5i8v1c0","2642.4999999580905","644","434"
"80","mm","id1run11pefc99c22lu5i8v1c0","2662.5999999814667","688","434"
"81","mm","id1run11pefc99c22lu5i8v1c0","2682.700000004843","728","434"
"82","mm","id1run11pefc99c22lu5i8v1c0","2702.599999960512","759","434"
"83","mm","id1run11pefc99c22lu5i8v1c0","2722.399999969639","786","431"
"84","mm","id1run11pefc99c22lu5i8v1c0","2746.599999954924","812","429"
"85","mm","id1run11pefc99c22lu5i8v1c0","2766.5999999735504","832","428"
"86","mm","id1run11pefc99c22lu5i8v1c0","2786.599999992177","852","426"
"87","mm","id1run11pefc99c22lu5i8v1c0","2806.6000000108033","885","426"
"88","mm","id1run11pefc99c22lu5i8v1c0","2826.4999999664724","926","426"
"89","mm","id1run11pefc99c22lu5i8v1c0","2850.399999995716","967","426"
"90","mm","id1run11pefc99c22lu5i8v1c0","2862.8000000026077","980","426"
"91","ld","id1run11pefc99c22lu5i8v1c0","2863.199999963399","980","426"
"92","mm","id1run11pefc99c22lu5i8v1c0","2870.3000000095926","986","426"
"93","mm","id1run11pefc99c22lu5i8v1c0","2890.499999979511","992","424"
"94","mm","id1run11pefc99c22lu5i8v1c0","2910.3999999933876","999","418"
"95","mm","id1run11pefc99c22lu5i8v1c0","2930.599999963306","1007","410"
"96","mm","id1run11pefc99c22lu5i8v1c0","2954.3999999877997","1021","390"
"97","mm","id1run11pefc99c22lu5i8v1c0","2974.400000006426","1032","376"
"98","mm","id1run11pefc99c22lu5i8v1c0","2996.400000003632","1048","356"
"99","mm","id1run11pefc99c22lu5i8v1c0","3016.4999999688007","1066","337"
"100","mm","id1run11pefc99c22lu5i8v1c0","3036.499999987427","1088","311"
"101","mm","id1run11pefc99c22lu5i8v1c0","3056.5000000060536","1110","284"
"102","mm","id1run11pefc99c22lu5i8v1c0","3080.2999999723397","1132","251"
"103","mm","id1run11pefc99c22lu5i8v1c0","3100.5000000004657","1146","220"
"104","mm","id1run11pefc99c22lu5i8v1c0","3120.3000000095926","1158","189"
"105","mm","id1run11pefc99c22lu5i8v1c0","3140.2999999700114","1165","160"
"106","mm","id1run11pefc99c22lu5i8v1c0","3160.3999999933876","1171","132"
"107","mm","id1run11pefc99c22lu5i8v1c0","3184.499999973923","1172","108"
"108","mm","id1run11pefc99c22lu5i8v1c0","3204.4999999925494","1172","91"
"109","mm","id1run11pefc99c22lu5i8v1c0","3224.500000011176","1165","76"
"110","mm","id1run11pefc99c22lu5i8v1c0","3244.4999999715947","1157","66"
"111","mm","id1run11pefc99c22lu5i8v1c0","3260.3999999701045","1151","60"
"112","lu","id1run11pefc99c22lu5i8v1c0","3264.599999994971","1151","60"
"113","mm","id1run11pefc99c22lu5i8v1c0","3267.7999999723397","1151","60"
"114","mm","id1run11pefc99c22lu5i8v1c0","3288.2999999565072","1147","58"
"115","mm","id1run11pefc99c22lu5i8v1c0","3308.599999989383","1145","56"
"116","mm","id1run11pefc99c22lu5i8v1c0","3324.399999983143","1143","55"
"117","mm","id1run11pefc99c22lu5i8v1c0","3348.599999968428","1139","54"
"118","mm","id1run11pefc99c22lu5i8v1c0","3372.4999999976717","1130","51"
"119","mm","id1run11pefc99c22lu5i8v1c0","3392.5999999628402","1116","50"
"120","mm","id1run11pefc99c22lu5i8v1c0","3412.5999999814667","1101","50"
"121","mm","id1run11pefc99c22lu5i8v1c0","3432.4999999953434","1066","50"
"122","mm","id1run11pefc99c22lu5i8v1c0","3452.40000000922","1038","52"
"123","mm","id1run11pefc99c22lu5i8v1c0","3472.399999969639","1006","58"
"124","mm","id1run11pefc99c22lu5i8v1c0","3496.400000003632","962","62"
"125","mm","id1run11pefc99c22lu5i8v1c0","3516.4999999688007","919","66"
"126","mm","id1run11pefc99c22lu5i8v1c0","3536.3999999826774","879","66"
"127","mm","id1run11pefc99c22lu5i8v1c0","3556.5000000060536","836","66"
"128","mm","id1run11pefc99c22lu5i8v1c0","3576.4999999664724","772","66"
"129","mm","id1run11pefc99c22lu5i8v1c0","3600.6000000052154","686","66"
"130","mm","id1run11pefc99c22lu5i8v1c0","3620.599999965634","608","71"
"131","mm","id1run11pefc99c22lu5i8v1c0","3640.499999979511","539","76"
"132","mm","id1run11pefc99c22lu5i8v1c0","3660.3999999933876","470","79"
"133","mm","id1run11pefc99c22lu5i8v1c0","3680.499999958556","408","80"
"134","mm","id1run11pefc99c22lu5i8v1c0","3704.4999999925494","344","81"
"135","mm","id1run11pefc99c22lu5i8v1c0","3724.500000011176","310","86"
"136","mm","id1run11pefc99c22lu5i8v1c0","3744.299999962095","285","92"
"137","mm","id1run11pefc99c22lu5i8v1c0","3764.3999999854714","260","100"
"138","mm","id1run11pefc99c22lu5i8v1c0","3784.400000004098","234","107"
"139","mm","id1run11pefc99c22lu5i8v1c0","3808.499999984633","208","116"
"140","mm","id1run11pefc99c22lu5i8v1c0","3828.5000000032596","185","126"
"141","mm","id1run11pefc99c22lu5i8v1c0","3848.4999999636784","170","137"
"142","mm","id1run11pefc99c22lu5i8v1c0","3872.4999999976717","156","150"
"143","mm","id1run11pefc99c22lu5i8v1c0","3892.4999999580905","145","162"
"144","mm","id1run11pefc99c22lu5i8v1c0","3912.5999999814667","132","176"
"145","mm","id1run11pefc99c22lu5i8v1c0","3932.4999999953434","120","193"
"146","mm","id1run11pefc99c22lu5i8v1c0","3952.599999960512","111","209"
"147","mm","id1run11pefc99c22lu5i8v1c0","3972.399999969639","103","224"
"148","mm","id1run11pefc99c22lu5i8v1c0","3996.2999999988824","88","248"
"149","mm","id1run11pefc99c22lu5i8v1c0","4016.399999964051","78","268"
"150","mm","id1run11pefc99c22lu5i8v1c0","4036.499999987427","72","289"
"151","mm","id1run11pefc99c22lu5i8v1c0","4056.6000000108033","68","311"
"152","mm","id1run11pefc99c22lu5i8v1c0","4080.499999981839","66","334"
"153","mm","id1run11pefc99c22lu5i8v1c0","4100.500000000466","66","350"
"154","mm","id1run11pefc99c22lu5i8v1c0","4120.599999965634","70","371"
"155","mm","id1run11pefc99c22lu5i8v1c0","4140.499999979511","82","388"
"156","mm","id1run11pefc99c22lu5i8v1c0","4160.600000002887","93","399"
"157","mm","id1run11pefc99c22lu5i8v1c0","4184.499999973923","109","411"
"158","mm","id1run11pefc99c22lu5i8v1c0","4204.599999997299","126","421"
"159","mm","id1run11pefc99c22lu5i8v1c0","4224.599999957718","150","430"
"160","mm","id1run11pefc99c22lu5i8v1c0","4244.499999971595","186","440"
"161","mm","id1run11pefc99c22lu5i8v1c0","4264.599999994971","226","450"
"162","mm","id1run11pefc99c22lu5i8v1c0","4288.5999999707565","278","459"
"163","mm","id1run11pefc99c22lu5i8v1c0","4308.399999979883","324","468"
"164","mm","id1run11pefc99c22lu5i8v1c0","4328.50000000326","373","476"
"165","mm","id1run11pefc99c22lu5i8v1c0","4348.300000012387","430","484"
"166","mm","id1run11pefc99c22lu5i8v1c0","4368.599999987055","486","486"
"167","mm","id1run11pefc99c22lu5i8v1c0","4392.4999999580905","546","486"
"168","mm","id1run11pefc99c22lu5i8v1c0","4412.499999976717","596","487"
"169","mm","id1run11pefc99c22lu5i8v1c0","4432.399999990594","648","488"
"170","mm","id1run11pefc99c22lu5i8v1c0","4452.40000000922","692","488"
"171","mm","id1run11pefc99c22lu5i8v1c0","4472.399999969639","726","485"
"172","mm","id1run11pefc99c22lu5i8v1c0","4496.599999954924","762","478"
"173","mm","id1run11pefc99c22lu5i8v1c0","4516.499999968801","796","474"
"174","mm","id1run11pefc99c22lu5i8v1c0","4538.5999999707565","832","470"
"175","mm","id1run11pefc99c22lu5i8v1c0","4558.499999984633","866","463"
"176","mm","id1run11pefc99c22lu5i8v1c0","4578.50000000326","894","454"
"177","mm","id1run11pefc99c22lu5i8v1c0","4598.599999968428","909","446"
"178","mm","id1run11pefc99c22lu5i8v1c0","4618.599999987055","920","440"
"179","mm","id1run11pefc99c22lu5i8v1c0","4642.59999996284","929","434"
"180","mm","id1run11pefc99c22lu5i8v1c0","4662.499999976717","937","426"
"181","mm","id1run11pefc99c22lu5i8v1c0","4682.600000000093","944","416"
"182","mm","id1run11pefc99c22lu5i8v1c0","4702.599999960512","950","407"
"183","mm","id1run11pefc99c22lu5i8v1c0","4722.599999979138","956","398"
"184","mm","id1run11pefc99c22lu5i8v1c0","4746.400000003632","968","391"
"185","mm","id1run11pefc99c22lu5i8v1c0","4766.499999968801","980","386"
"186","mm","id1run11pefc99c22lu5i8v1c0","4786.499999987427","993","378"
"187","mm","id1run11pefc99c22lu5i8v1c0","4806.500000006054","1004","368"
"188","mm","id1run11pefc99c22lu5i8v1c0","4826.499999966472","1014","359"
"189","mm","id1run11pefc99c22lu5i8v1c0","4850.500000000466","1030","337"
"190","mm","id1run11pefc99c22lu5i8v1c0","4870.599999965634","1043","315"
"191","mm","id1run11pefc99c22lu5i8v1c0","4890.599999984261","1050","294"
"192","mm","id1run11pefc99c22lu5i8v1c0","4910.600000002887","1055","274"
"193","mm","id1run11pefc99c22lu5i8v1c0","4934.499999973923","1064","254"
"194","mm","id1run11pefc99c22lu5i8v1c0","4954.499999992549","1067","242"
"195","mm","id1run11pefc99c22lu5i8v1c0","4974.500000011176","1065","230"
"196","mm","id1run11pefc99c22lu5i8v1c0","4994.399999966845","1055","218"
"197","mm","id1run11pefc99c22lu5i8v1c0","5014.599999994971","1036","203"
"198","mm","id1run11pefc99c22lu5i8v1c0","5038.399999961257","994","185"
"199","mm","id1run11pefc99c22lu5i8v1c0","5058.499999984633","953","176"
"200","mm","id1run11pefc99c22lu5i8v1c0","5078.600000008009","903","170"
"201","mm","id1run11pefc99c22lu5i8v1c0","5098.599999968428","853","165"
"202","mm","id1run11pefc99c22lu5i8v1c0","5118.599999987055","804","163"
"203","mm","id1run11pefc99c22lu5i8v1c0","5142.4999999580905","734","160"
"204","mm","id1run11pefc99c22lu5i8v1c0","5162.599999981467","666","156"
"205","mm","id1run11pefc99c22lu5i8v1c0","5182.499999995343","597","156"
"206","mm","id1run11pefc99c22lu5i8v1c0","5203.19999998901","532","159"
"207","mm","id1run11pefc99c22lu5i8v1c0","5226.499999989755","462","170"
"208","mm","id1run11pefc99c22lu5i8v1c0","5246.500000008382","402","180"
"209","mm","id1run11pefc99c22lu5i8v1c0","5266.499999968801","347","190"
"210","mm","id1run11pefc99c22lu5i8v1c0","5286.499999987427","302","203"
"211","mm","id1run11pefc99c22lu5i8v1c0","5306.400000001304","271","215"
"212","mm","id1run11pefc99c22lu5i8v1c0","5326.499999966472","258","221"
"213","mm","id1run11pefc99c22lu5i8v1c0","5350.600000005215","229","236"
"214","mm","id1run11pefc99c22lu5i8v1c0","5370.599999965634","208","246"
"215","mm","id1run11pefc99c22lu5i8v1c0","5390.599999984261","190","257"
"216","mm","id1run11pefc99c22lu5i8v1c0","5410.700000007637","172","270"
"217","mm","id1run11pefc99c22lu5i8v1c0","5430.599999963306","149","282"
"218","mm","id1run11pefc99c22lu5i8v1c0","5454.29999998305","120","298"
"219","mm","id1run11pefc99c22lu5i8v1c0","5474.500000011176","106","307"
"220","mm","id1run11pefc99c22lu5i8v1c0","5494.499999971595","102","312"
"221","mm","id1run11pefc99c22lu5i8v1c0","5510.599999979604","100","313"
"222","ld","id1run11pefc99c22lu5i8v1c0","5555.300000007264","100","313"
"223","lu","id1run11pefc99c22lu5i8v1c0","5642.4999999580905","100","313"
"224","ld","id1run11pefc99c22lu5i8v1c0","5714.799999957904","100","313"
"225","lu","id1run11pefc99c22lu5i8v1c0","5802.5999999954365","100","313"
"226","mm","id1run11pefc99c22lu5i8v1c0","6080.3999999770895","101","313"
"227","mm","id1run11pefc99c22lu5i8v1c0","6096.499999985099","106","310"
"228","mm","id1run11pefc99c22lu5i8v1c0","6120.699999970384","117","308"
"229","mm","id1run11pefc99c22lu5i8v1c0","6140.599999984261","126","304"
"230","mm","id1run11pefc99c22lu5i8v1c0","6160.499999998137","139","301"
"231","mm","id1run11pefc99c22lu5i8v1c0","6180.599999963306","159","299"
"232","mm","id1run11pefc99c22lu5i8v1c0","6204.599999997299","211","297"
"233","mm","id1run11pefc99c22lu5i8v1c0","6224.599999957718","266","294"
"234","mm","id1run11pefc99c22lu5i8v1c0","6244.599999976344","316","293"
"235","mm","id1run11pefc99c22lu5i8v1c0","6264.299999980722","364","293"
"236","mm","id1run11pefc99c22lu5i8v1c0","6284.299999999348","420","293"
"237","mm","id1run11pefc99c22lu5i8v1c0","6308.299999975134","490","293"
"238","mm","id1run11pefc99c22lu5i8v1c0","6328.39999999851","546","293"
"239","mm","id1run11pefc99c22lu5i8v1c0","6348.399999958929","590","293"
"240","mm","id1run11pefc99c22lu5i8v1c0","6368.599999987055","633","292"
"241","mm","id1run11pefc99c22lu5i8v1c0","6392.4999999580905","680","291"
"242","mm","id1run11pefc99c22lu5i8v1c0","6412.599999981467","720","289"
"243","mm","id1run11pefc99c22lu5i8v1c0","6432.600000000093","752","285"
"244","mm","id1run11pefc99c22lu5i8v1c0","6452.40000000922","778","281"
"245","mm","id1run11pefc99c22lu5i8v1c0","6472.599999979138","804","277"
"246","mm","id1run11pefc99c22lu5i8v1c0","6496.400000003632","828","272"
"247","mm","id1run11pefc99c22lu5i8v1c0","6516.499999968801","850","269"
"248","mm","id1run11pefc99c22lu5i8v1c0","6536.499999987427","871","264"
"249","mm","id1run11pefc99c22lu5i8v1c0","6556.500000006054","884","259"
"250","mm","id1run11pefc99c22lu5i8v1c0","6580.3999999770895","900","254"
"251","mm","id1run11pefc99c22lu5i8v1c0","6600.299999990966","914","251"
"252","mm","id1run11pefc99c22lu5i8v1c0","6620.300000009593","928","247"
"253","mm","id1run11pefc99c22lu5i8v1c0","6640.299999970011","946","242"
"254","mm","id1run11pefc99c22lu5i8v1c0","6660.600000002887","962","236"
"255","mm","id1run11pefc99c22lu5i8v1c0","6684.499999973923","978","232"
"256","mm","id1run11pefc99c22lu5i8v1c0","6704.599999997299","990","228"
"257","mm","id1run11pefc99c22lu5i8v1c0","6724.599999957718","1005","224"
"258","mm","id1run11pefc99c22lu5i8v1c0","6744.499999971595","1016","220"
"259","mm","id1run11pefc99c22lu5i8v1c0","6764.499999990221","1031","215"
"260","mm","id1run11pefc99c22lu5i8v1c0","6788.399999961257","1051","210"
"261","mm","id1run11pefc99c22lu5i8v1c0","6808.399999979883","1067","207"
"262","mm","id1run11pefc99c22lu5i8v1c0","6828.600000008009","1080","204"
"263","mm","id1run11pefc99c22lu5i8v1c0","6848.499999963678","1094","200"
"264","mm","id1run11pefc99c22lu5i8v1c0","6872.499999997672","1107","196"
"265","mm","id1run11pefc99c22lu5i8v1c0","6892.59999996284","1122","194"
"266","mm","id1run11pefc99c22lu5i8v1c0","6908.5999999661","1130","194"
"267","ld","id1run11pefc99c22lu5i8v1c0","6940.799999982119","1130","194"
"268","mm","id1run11pefc99c22lu5i8v1c0","6988.599999982398","1131","194"
"269","mm","id1run11pefc99c22lu5i8v1c0","6992.299999983516","1132","194"
"270","lu","id1run11pefc99c22lu5i8v1c0","6996.500000008382","1132","194"
"271","mm","id1run11pefc99c22lu5i8v1c0","7016.499999968801","1134","194"
"272","mm","id1run11pefc99c22lu5i8v1c0","7028.4999999566935","1136","194"
"273","mm","id1run11pefc99c22lu5i8v1c0","7040.600000007544","1137","194"
"274","ld","id1run11pefc99c22lu5i8v1c0","7109.10000000149","1137","194"
"275","mm","id1run11pefc99c22lu5i8v1c0","7124.499999976251","1138","194"
"276","lu","id1run11pefc99c22lu5i8v1c0","7164.4999999552965","1138","194"
"277","mm","id1run11pefc99c22lu5i8v1c0","7184.499999973923","1138","194"
"278","mm","id1run11pefc99c22lu5i8v1c0","7516.499999968801","1138","195"
"279","mm","id1run11pefc99c22lu5i8v1c0","7520.4999999841675","1137","195"
"280","mm","id1run11pefc99c22lu5i8v1c0","7528.400000010151","1136","196"
"281","mm","id1run11pefc99c22lu5i8v1c0","7558.399999979883","1134","197"
"282","mm","id1run11pefc99c22lu5i8v1c0","7582.699999969918","1134","198"
"283","mm","id1run11pefc99c22lu5i8v1c0","7598.599999968428","1132","199"
"284","mm","id1run11pefc99c22lu5i8v1c0","7622.600000002421","1131","202"
"285","mm","id1run11pefc99c22lu5i8v1c0","7634.4999999855645","1131","204"
"286","mm","id1run11pefc99c22lu5i8v1c0","7662.399999971967","1133","205"
"287","mm","id1run11pefc99c22lu5i8v1c0","7670.699999958742","1134","205"
"288","mm","id1run11pefc99c22lu5i8v1c0","7718.699999968521","1135","205"
"289","mm","id1run11pefc99c22lu5i8v1c0","7722.499999974389","1136","205"
"290","mm","id1run11pefc99c22lu5i8v1c0","7746.400000003632","1141","200"
"291","mm","id1run11pefc99c22lu5i8v1c0","7766.59999997355","1146","191"
"292","mm","id1run11pefc99c22lu5i8v1c0","7786.599999992177","1146","178"
"293","mm","id1run11pefc99c22lu5i8v1c0","7806.500000006054","1140","166"
"294","mm","id1run11pefc99c22lu5i8v1c0","7830.499999981839","1109","136"
"295","mm","id1run11pefc99c22lu5i8v1c0","7850.700000009965","1068","112"
"296","mm","id1run11pefc99c22lu5i8v1c0","7870.599999965634","1028","97"
"297","mm","id1run11pefc99c22lu5i8v1c0","7890.599999984261","991","90"
"298","mm","id1run11pefc99c22lu5i8v1c0","7910.600000002887","952","89"
"299","mm","id1run11pefc99c22lu5i8v1c0","7934.499999973923","906","89"
"300","mm","id1run11pefc99c22lu5i8v1c0","7954.3999999878","877","92"
"301","mm","id1run11pefc99c22lu5i8v1c0","7974.400000006426","852","96"
"302","mm","id1run11pefc99c22lu5i8v1c0","7994.499999971595","833","102"
"303","mm","id1run11pefc99c22lu5i8v1c0","8014.299999980722","812","112"
"304","mm","id1run11pefc99c22lu5i8v1c0","8038.299999956507","778","132"
"305","mm","id1run11pefc99c22lu5i8v1c0","8058.499999984633","752","152"
"306","mm","id1run11pefc99c22lu5i8v1c0","8078.600000008009","732","171"
"307","mm","id1run11pefc99c22lu5i8v1c0","8098.699999973178","721","186"
"308","mm","id1run11pefc99c22lu5i8v1c0","8122.600000002421","713","200"
"309","mm","id1run11pefc99c22lu5i8v1c0","8142.4999999580905","706","218"
"310","mm","id1run11pefc99c22lu5i8v1c0","8162.499999976717","703","237"
"311","mm","id1run11pefc99c22lu5i8v1c0","8182.600000000093","700","270"
"312","mm","id1run11pefc99c22lu5i8v1c0","8202.499999955762","700","298"
"313","mm","id1run11pefc99c22lu5i8v1c0","8226.599999994505","703","326"
"314","mm","id1run11pefc99c22lu5i8v1c0","8246.599999954924","718","350"
"315","mm","id1run11pefc99c22lu5i8v1c0","8266.4999999688","745","378"
"316","mm","id1run11pefc99c22lu5i8v1c0","8286.499999987427","778","402"
"317","mm","id1run11pefc99c22lu5i8v1c0","8306.400000001304","801","417"
"318","mm","id1run11pefc99c22lu5i8v1c0","8326.399999961723","827","430"
"319","mm","id1run11pefc99c22lu5i8v1c0","8350.500000000466","866","438"
"320","mm","id1run11pefc99c22lu5i8v1c0","8370.599999965634","900","439"
"321","mm","id1run11pefc99c22lu5i8v1c0","8390.59999998426","934","432"
"322","mm","id1run11pefc99c22lu5i8v1c0","8410.600000002887","969","419"
"323","mm","id1run11pefc99c22lu5i8v1c0","8434.499999973923","994","402"
"324","mm","id1run11pefc99c22lu5i8v1c0","8454.5999999973","1004","387"
"325","mm","id1run11pefc99c22lu5i8v1c0","8474.500000011176","1014","372"
"326","mm","id1run11pefc99c22lu5i8v1c0","8494.499999971595","1018","359"
"327","mm","id1run11pefc99c22lu5i8v1c0","8518.500000005588","1021","342"
"328","mm","id1run11pefc99c22lu5i8v1c0","8538.299999956507","1018","330"
"329","mm","id1run11pefc99c22lu5i8v1c0","8558.599999989383","1008","316"
"330","mm","id1run11pefc99c22lu5i8v1c0","8578.60000000801","998","301"
"331","mm","id1run11pefc99c22lu5i8v1c0","8598.499999963678","994","289"
"332","mm","id1run11pefc99c22lu5i8v1c0","8618.499999982305","993","278"
"333","mm","id1run11pefc99c22lu5i8v1c0","8642.59999996284","993","266"
"334","mm","id1run11pefc99c22lu5i8v1c0","8662.499999976717","987","255"
"335","mm","id1run11pefc99c22lu5i8v1c0","8682.499999995343","977","244"
"336","mm","id1run11pefc99c22lu5i8v1c0","8702.499999955762","958","229"
"337","mm","id1run11pefc99c22lu5i8v1c0","8726.599999994505","940","220"
"338","mm","id1run11pefc99c22lu5i8v1c0","8746.500000008382","925","212"
"339","mm","id1run11pefc99c22lu5i8v1c0","8766.399999964051","909","208"
"340","mm","id1run11pefc99c22lu5i8v1c0","8786.499999987427","869","202"
"341","mm","id1run11pefc99c22lu5i8v1c0","8806.500000006054","818","199"
"342","mm","id1run11pefc99c22lu5i8v1c0","8834.499999997206","757","199"
"343","mm","id1run11pefc99c22lu5i8v1c0","8850.299999990966","725","199"
"344","mm","id1run11pefc99c22lu5i8v1c0","8870.599999965634","682","199"
"345","mm","id1run11pefc99c22lu5i8v1c0","8890.399999974761","627","204"
"346","mm","id1run11pefc99c22lu5i8v1c0","8910.600000002887","564","214"
"347","mm","id1run11pefc99c22lu5i8v1c0","8934.499999973923","495","230"
"348","mm","id1run11pefc99c22lu5i8v1c0","8954.49999999255","432","244"
"349","mm","id1run11pefc99c22lu5i8v1c0","8974.400000006426","367","258"
"350","mm","id1run11pefc99c22lu5i8v1c0","8994.599999976344","298","272"
"351","mm","id1run11pefc99c22lu5i8v1c0","9014.399999985471","236","286"
"352","mm","id1run11pefc99c22lu5i8v1c0","9038.599999970756","168","303"
"353","mm","id1run11pefc99c22lu5i8v1c0","9058.399999979883","112","317"
"354","mm","id1run11pefc99c22lu5i8v1c0","9076.499999966472","65","328"
"355","mm","id1run11pefc99c22lu5i8v1c0","9100.399999995716","4","336"
"356","mm","id1run11pefc99c22lu5i8v1c0","9104.499999957625","0","336"
"357","mm","id1run11pefc99c22lu5i8v1c0","9140.49999997951","0","332"
"358","mm","id1run11pefc99c22lu5i8v1c0","9160.600000002887","0","325"
"359","mm","id1run11pefc99c22lu5i8v1c0","9176.500000001397","0","318"
"360","mm","id1run11pefc99c22lu5i8v1c0","9204.49999999255","0","306"
"361","mm","id1run11pefc99c22lu5i8v1c0","9224.599999957718","4","293"
"362","mm","id1run11pefc99c22lu5i8v1c0","9244.499999971595","12","278"
"363","mm","id1run11pefc99c22lu5i8v1c0","9268.600000010338","24","258"
"364","mm","id1run11pefc99c22lu5i8v1c0","9284.59999995539","33","247"
"365","mm","id1run11pefc99c22lu5i8v1c0","9308.599999989383","52","229"
"366","mm","id1run11pefc99c22lu5i8v1c0","9328.60000000801","66","218"
"367","mm","id1run11pefc99c22lu5i8v1c0","9348.599999968428","80","207"
"368","mm","id1run11pefc99c22lu5i8v1c0","9372.399999992922","94","196"
"369","mm","id1run11pefc99c22lu5i8v1c0","9392.49999995809","108","188"
"370","mm","id1run11pefc99c22lu5i8v1c0","9412.499999976717","126","180"
"371","mm","id1run11pefc99c22lu5i8v1c0","9432.499999995343","156","170"
"372","mm","id1run11pefc99c22lu5i8v1c0","9452.599999960512","182","164"
"373","mm","id1run11pefc99c22lu5i8v1c0","9476.499999989755","212","158"
"374","mm","id1run11pefc99c22lu5i8v1c0","9496.599999954924","242","157"
"375","mm","id1run11pefc99c22lu5i8v1c0","9516.59999997355","279","160"
"376","mm","id1run11pefc99c22lu5i8v1c0","9536.599999992177","323","166"
"377","mm","id1run11pefc99c22lu5i8v1c0","9556.500000006054","370","176"
"378","mm","id1run11pefc99c22lu5i8v1c0","9580.599999986589","432","190"
"379","mm","id1run11pefc99c22lu5i8v1c0","9600.500000000466","490","196"
"380","mm","id1run11pefc99c22lu5i8v1c0","9620.499999960884","560","198"
"381","mm","id1run11pefc99c22lu5i8v1c0","9640.399999974761","631","198"
"382","mm","id1run11pefc99c22lu5i8v1c0","9660.499999998137","710","198"
"383","mm","id1run11pefc99c22lu5i8v1c0","9680.499999958556","789","198"
"384","mm","id1run11pefc99c22lu5i8v1c0","9704.49999999255","872","196"
"385","mm","id1run11pefc99c22lu5i8v1c0","9724.599999957718","951","192"
"386","mm","id1run11pefc99c22lu5i8v1c0","9744.499999971595","1051","189"
"387","mm","id1run11pefc99c22lu5i8v1c0","9768.299999996088","1153","183"
"388","mm","id1run11pefc99c22lu5i8v1c0","9788.299999956507","1209","181"
"389","mm","id1run11pefc99c22lu5i8v1c0","9808.399999979883","1224","179"
"390","mm","id1run11pefc99c22lu5i8v1c0","9824.499999987893","1230","178"
"391","mm","id1run11pefc99c22lu5i8v1c0","9836.399999971036","1232","178"
"392","ld","id1run11pefc99c22lu5i8v1c0","9992.900000012014","1232","178"
"393","lu","id1run11pefc99c22lu5i8v1c0","10048.59999998007","1232","178"
"394","mm","id1run11pefc99c22lu5i8v1c0","10424.49999996461","1231","178"
"395","mm","id1run11pefc99c22lu5i8v1c0","10432.399999990594","1229","178"
"396","mm","id1run11pefc99c22lu5i8v1c0","10452.499999955762","1219","176"
"397","mm","id1run11pefc99c22lu5i8v1c0","10472.599999979138","1203","170"
"398","mm","id1run11pefc99c22lu5i8v1c0","10496.500000008382","1164","154"
"399","mm","id1run11pefc99c22lu5i8v1c0","10516.4999999688","1128","138"
"400","mm","id1run11pefc99c22lu5i8v1c0","10536.299999977928","1101","122"
"401","mm","id1run11pefc99c22lu5i8v1c0","10556.600000010803","1080","103"
"402","mm","id1run11pefc99c22lu5i8v1c0","10578.29999999376","1060","82"
"403","mm","id1run11pefc99c22lu5i8v1c0","10598.300000012387","1041","62"
"404","mm","id1run11pefc99c22lu5i8v1c0","10618.499999982305","1026","43"
"405","mm","id1run11pefc99c22lu5i8v1c0","10642.49999995809","1023","28"
"406","mm","id1run11pefc99c22lu5i8v1c0","10662.499999976717","1023","17"
"407","mm","id1run11pefc99c22lu5i8v1c0","10682.399999990594","1022","6"
"408","mm","id1run11pefc99c22lu5i8v1c0","10690.49999996787","1020","2"
